"x","y","rx","ry","type"
"0.002824567240909335","0.24920487697007226","-0.3881921262875095","-0.6397849516790421","0"
"NaN","NaN","NaN","NaN","1"
"0.003652972037389398","0.2535423733055864","-0.3777428708936526","-0.6243162617835825","0"
"NaN","NaN","NaN","NaN","1"
"-0.012084938022825453","0.24887328955862256","-0.3687280931737688","-0.605998288790385","0"
"NaN","NaN","NaN","NaN","1"
"-0.0334295150546444","0.11123617998835737","-0.2637330759166711","-0.43568746124104796","0"
"NaN","NaN","NaN","NaN","1"
"-0.03211031674231538","0.07845730687442579","-0.252447808859149","-0.41974947299381526","0"
"NaN","NaN","NaN","NaN","1"
"-0.031983424300028956","0.07761614392569036","-0.2517699518321473","-0.4186641381662569","0"
"-0.03418018562453134","-0.18121396218027389","-0.0328221321105957","-0.06810098886489868","1"
"-0.014625433498277881","0.07258508363402033","-0.4837438611381025","-0.225936374630794","0"
"0.11048582168894076","0.03474675406009779","0.39052302848308457","0.15211467021102204","1"
"-0.03212792623161089","0.007890303087706612","-0.5532376557529562","0.054751309970817945","0"
"-0.020995669248627453","0.04148593763025796","0.06747223364143837","0.2493921532863524","1"
"-0.028999534385890372","0.004563179390489562","-0.5202928321375871","0.07738986071744958","0"
"0.013500911764579245","0.036817609083534465","0.06319697688121607","0.26635755849356696","1"
"-0.028999534385890372","0.004563179390489562","-0.5202928321375871","0.07738986071744958","0"
"0.01839662329205927","0.03586273766913504","0.05863091883794317","0.25187678916274375","1"
"-0.028014721537006813","0.006383784514994168","-0.5138788377405139","0.07527300293164213","0"
"0.018310694331708163","0.04006608361783235","0.04959699667018393","0.2579373123853103","1"
"-0.027627586966381165","0.006907242917187234","-0.5126819068675289","0.07512044600782117","0"
"0.028749616308645767","0.06664482436396858","0.046725784513083374","0.2255415250406121","1"
"-0.027412524547844257","0.007246738823961394","-0.5123046064939678","0.07519940323426863","0"
"0.03977141346964803","0.08071340130759286","0.041871502891287105","0.2143627972035975","1"
"-0.028908890629985695","0.011058281500359311","-0.5087398520098046","0.056405428688032784","0"
"0.03225066452412992","0.08574766605286985","0.037539358275967674","0.20718225897163958","1"
"-0.028736699785259986","0.009326949243922885","-0.5066165430725907","0.056087871849965706","0"
"0.03225066452412992","0.08574766605286985","0.037539358275967674","0.20718225897163958","1"
"-0.02847624017482702","0.012082150300456599","-0.503013765718887","0.06021730197410543","0"
"0.03656852488876671","0.06286051247709541","-0.026844099516509682","0.171710757670864","1"
"-0.03042652962081458","-0.0035282772682283235","-0.5008695262646221","0.0768200735480565","0"
"0.03656852488876671","0.06286051247709541","-0.026844099516509682","0.171710757670864","1"
"-0.03466495584692757","-0.003599373463318582","-0.4983505290611818","0.07629028060314665","0"
"0.03656852488876671","0.06286051247709541","-0.026844099516509682","0.171710757670864","1"
"-0.034035251870203176","-0.004503025737494529","-0.4978201088498667","0.07990472027689319","0"
"0.0370201987759688","0.03192350430267917","-0.02573196353087243","0.18424992506173055","1"
"-0.029412301072191362","0.022770688373174933","-0.5190868475773781","0.032218291535079754","0"
"0.0370201987759688","0.03192350430267917","-0.02573196353087243","0.18424992506173055","1"
"-0.025707094064871518","0.027342919231251952","-0.5061479336011296","0.026037785396267846","0"
"0.0370201987759688","0.03192350430267917","-0.02573196353087243","0.18424992506173055","1"
"-0.02637844164757768","0.030165866768599375","-0.5035854281016091","0.016994958669603658","0"
"0.0370201987759688","0.03192350430267917","-0.02573196353087243","0.18424992506173055","1"
"-0.026432506986513213","0.02629928583648882","-0.5002250061714696","0.016736698724648367","0"
"0.0370201987759688","0.03192350430267917","-0.02573196353087243","0.18424992506173055","1"
"-0.029331201491458084","0.027303487830296385","-0.5039295018393821","0.017813136053464226","0"
"0.0370201987759688","0.03192350430267917","-0.02573196353087243","0.18424992506173055","1"
"-0.028541464983569503","0.029888183796575284","-0.5003635649432503","0.01659365919246493","0"
"0.03633492994477863","0.04951064984709501","-0.055296827061349925","0.15417208785909106","1"
"-0.0238307126345497","0.00599837340607259","-0.5898875901854135","0.03879216708744004","0"
"0.03633492994477863","0.04951064984709501","-0.055296827061349925","0.15417208785909106","1"
"-0.018744593829198335","0.006102473729010657","-0.6373516006385995","0.029282786870135143","0"
"0.03633492994477863","0.04951064984709501","-0.055296827061349925","0.15417208785909106","1"
"-0.018738762708173366","0.005073661845977348","-0.6290098725687264","0.03653610795338005","0"
"0.03418680138103728","0.040850557681820686","-0.05451875309525587","0.14789314473147236","1"
"-0.018754968174986338","0.005018427426124585","-0.6287129830319644","0.03651029156421153","0"
"0.03355464150762966","0.03982080679673415","-0.0538881628941267","0.14673531880745522","1"
"-0.018671581358008397","0.00495524971099409","-0.6289296317068792","0.03661994682335706","0"
"0.03355464150762966","0.03982080679673415","-0.0538881628941267","0.14673531880745522","1"
"-0.018383880708602075","0.00469042181229352","-0.6280839208467289","0.03653893143167456","0"
"0.03452263191594916","0.03832419969267764","-0.05384981319055719","0.14524131821373762","1"
"-0.008167836688583905","0.010088873483032983","-0.6023546764775584","0.025819913211847897","0"
"0.047380853359396374","0.034039500287767345","-0.054001678570085705","0.13942456458989494","1"
"-0.0051419748853470575","0.0337405195735038","-0.6090695033121425","0.018598523655494296","0"
"0.04324507215815218","0.038256917106971315","-0.04037730689990195","0.1342381700084068","1"
"-0.003686465256769181","0.034305088734620716","-0.606961110297058","0.018723695804456007","0"
"0.04337215128887974","0.03891466945362243","-0.04047318052447013","0.1337101353032357","1"
"-0.003564466382220548","0.03483295596951998","-0.6056811937204715","0.018190062989759778","0"
"0.04345829881692273","0.03915462781056738","-0.040318857848927636","0.1322041889755926","1"
"-0.006181522817638637","0.027800971760882778","-0.6007247463503834","0.022676873201235053","0"
"0.04223009927076929","0.033550225303801195","-0.06177405417809743","0.11587913043100503","1"
"-0.006609601872019272","0.028709320532784913","-0.5909326919992669","0.02334955527332158","0"
"0.04223009927076929","0.033550225303801195","-0.06177405417809743","0.11587913043100503","1"
"-0.006441625110481096","0.027758382534347294","-0.5895555109721451","0.022669842752857484","0"
"0.04223009927076929","0.033550225303801195","-0.06177405417809743","0.11587913043100503","1"
"-0.006478975568787764","0.016838372125826704","-0.5834439361400157","0.03365298871480614","0"
"0.04223009927076929","0.033550225303801195","-0.06177405417809743","0.11587913043100503","1"
"-0.0071251286064078455","0.0035287660902562296","-0.5674050524520831","0.06452151259327181","0"
"0.04206840862255779","0.025483997892742315","-0.06611410555103922","0.12806455688371474","1"
"-0.008149187834373321","0.007122318935833046","-0.5620340671945682","0.05057181392968034","0"
"0.04206840862255779","0.025483997892742315","-0.06611410555103922","0.12806455688371474","1"
"-0.008199565484590717","0.008598017435991789","-0.5604872634133966","0.05037667355901568","0"
"0.04206840862255779","0.025483997892742315","-0.06611410555103922","0.12806455688371474","1"
"-0.00817974728838783","0.00970528017426328","-0.5596611071772225","0.05033640068950233","0"
"0.04206840862255779","0.025483997892742315","-0.06611410555103922","0.12806455688371474","1"
"-0.00817974728838783","0.00970528017426328","-0.5596611071772225","0.05033640068950233","0"
"0.04150302320921502","0.024509915040463816","-0.06539412688235847","0.12498183169332491","1"
"-0.007731206835108749","0.012124449488227785","-0.5581887934661764","0.048636263144388674","0"
"0.04761470316925927","0.03788686530364444","-0.062250331158528245","0.12106855247941468","1"
"-0.007706639626295356","0.01223110880225752","-0.5579687344325934","0.04858882990094664","0"
"0.05024599346983845","0.05360647307817643","-0.061212848778703075","0.10888770609845422","1"
"-0.007471430366821911","0.012313650979475505","-0.5510595707427828","0.05118000766060996","0"
"0.05024599346983845","0.05360647307817643","-0.061212848778703075","0.10888770609845422","1"
"-0.006064617508766213","0.022125622730409647","-0.5525334886510094","0.04194502933643446","0"
"0.05024599346983845","0.05360647307817643","-0.061212848778703075","0.10888770609845422","1"
"-0.005997820711678285","0.02212519964979501","-0.5508097338516192","0.04226258355804412","0"
"0.05024599346983845","0.05360647307817643","-0.061212848778703075","0.10888770609845422","1"
"-0.00624177346725275","0.02218994764432852","-0.5508651733582858","0.04177863581149098","0"
"0.049607621817402144","0.05352718408704511","-0.06292420625686646","0.10905807453825239","1"
"-0.0068459394809834455","0.02277067424560693","-0.5499344465784618","0.04174738965891731","0"
"0.049607621817402144","0.05352718408704511","-0.06292420625686646","0.10905807453825239","1"
"-0.008524241345504568","0.02634205558230764","-0.5524566302376018","0.04030046575853501","0"
"0.049607621817402144","0.05352718408704511","-0.06292420625686646","0.10905807453825239","1"
"-0.00896520952860276","0.031141978874244074","-0.5535178980392137","0.03784175384147414","0"
"0.05289645766402858","0.05799038336866102","-0.08894907815079674","0.08762246414560781","1"
"-0.00946551972154833","0.028118839172897963","-0.5497304109720499","0.044153900371704226","0"
"0.05289645766402858","0.05799038336866102","-0.08894907815079674","0.08762246414560781","1"
"-0.009454202991253654","0.027857499766142702","-0.5471486828558945","0.04361406057340516","0"
"0.05289645766402858","0.05799038336866102","-0.08894907815079674","0.08762246414560781","1"
"-0.009240230867045235","0.02686516855188818","-0.5464462396512122","0.0435895416227199","0"
"0.05289645766402858","0.05799038336866102","-0.08894907815079674","0.08762246414560781","1"
"-0.008577485750636113","0.020927948961286632","-0.545314875363847","0.04927530538267301","0"
"0.05289645766402858","0.05799038336866102","-0.08894907815079674","0.08762246414560781","1"
"-0.008594514960686294","0.020887472157926048","-0.5451554350887741","0.049255966950027964","0"
"0.052392760576894695","0.05725292948004814","-0.08841410817415184","0.08716180369871597","1"
"-0.00795249059644502","0.00450996705798603","-0.5694480140136319","0.08523229929731055","0"
"0.0506359455122507","0.05447111100051262","-0.08906792535960117","0.08693749114855552","1"
"-0.007909955198347899","0.004544029605745888","-0.5688989354074782","0.0854630341901313","0"
"0.050754701209998476","0.054405024041874944","-0.0834033702800406","0.08954075315404966","1"
"-0.00801572339534067","0.006038326792788997","-0.5679385510383911","0.08493036260239233","0"
"0.050754701209998476","0.054405024041874944","-0.0834033702800406","0.08954075315404966","1"
"-0.007686657057795694","0.006922126026447192","-0.5624375863603855","0.08364751637217793","0"
"0.03899849793490241","0.03563298723276924","-0.0749399289780972","0.10002354535402036","1"
"-0.007279946637493119","0.005192120367156657","-0.5671549034727051","0.07659831576298276","0"
"0.03899849793490241","0.03563298723276924","-0.0749399289780972","0.10002354535402036","1"
"-0.007313788042102061","0.004509092464413441","-0.5666350512017666","0.07651703869792777","0"
"0.03899849793490241","0.03563298723276924","-0.0749399289780972","0.10002354535402036","1"
"-0.007304635129634056","0.00447452765981759","-0.5663326357885659","0.07655983403123715","0"
"0.03902813520257457","0.030376138994031864","-0.0740429455562925","0.10424880060751088","1"
"-0.007580123646699262","0.004554258373031836","-0.5665052321163522","0.07661686703273018","0"
"0.034706476532469714","0.03053603738233859","-0.07514562092018309","0.10417860666835047","1"
"-0.006551815490647251","0.0015409135267826799","-0.5670471344200512","0.07386076174193769","0"
"0.034706476532469714","0.03053603738233859","-0.07514562092018309","0.10417860666835047","1"
"-0.0066008433884183855","0.000966752068772546","-0.5653989569892207","0.07530496319011291","0"
"0.03343039728687136","0.030098119719167142","-0.07204259498705336","0.11336362356316529","1"
"-0.006053813537425988","0.0014281154579823061","-0.5613363441017148","0.07446945702157369","0"
"0.03343039728687136","0.030098119719167142","-0.07204259498705336","0.11336362356316529","1"
"-0.006075974145513088","0.0014777121141052038","-0.5594630150887366","0.077630178969344","0"
"0.03343039728687136","0.030098119719167142","-0.07204259498705336","0.11336362356316529","1"
"-0.006031774258642944","0.0013985085591749285","-0.5591172209955759","0.07742138209609134","0"
"0.034116732661296376","0.023471085946894454","-0.08104714343645221","0.09162118199875258","1"
"-0.006031774258642944","0.0013985085591749285","-0.5591172209955759","0.07742138209609134","0"
"0.027128557516978336","0.02651869318424127","-0.07952024050247974","0.09048709370132185","1"
"-0.006711301478993609","-0.0018273764646601182","-0.5748235203273693","0.08242820308465361","0"
"0.027128557516978336","0.02651869318424127","-0.07952024050247974","0.09048709370132185","1"
"-0.006890145247794454","-0.0055510769379173","-0.5721961742164747","0.08516894852460584","0"
"0.023339134874203395","0.022712766733965585","-0.06132001523690606","0.0658994186334251","1"
"-0.007264298196096353","-0.00476469862247572","-0.5730778181852113","0.08227773796387325","0"
"0.019781139570856886","0.03118326677184962","-0.06495867083210466","0.06451522747109263","1"
"-0.00809206899626755","-0.005291539773518318","-0.5712641531137205","0.08218554069845228","0"
"0.019282355869296223","0.03096652873030966","-0.06470382872207389","0.06447249730929862","1"
"-0.008036943904795901","-0.00544940999095737","-0.5701868135615619","0.08392164511216198","0"
"0.019282355869296223","0.03096652873030966","-0.06470382872207389","0.06447249730929862","1"
"-0.008009120939490463","-0.004495282394500643","-0.5695588633752039","0.08381418765703161","0"
"0.019282355869296223","0.03096652873030966","-0.06470382872207389","0.06447249730929862","1"
"-0.007214157793168026","-0.003862834025665665","-0.5699042113816227","0.08148785780179281","0"
"0.020796685060345516","0.03607094490456077","-0.07279549156430985","0.06528152863064561","1"
"-0.006997800477999404","-0.0034001402244513536","-0.5690575676332903","0.07968864872735108","0"
"0.023709885351063973","0.04757197871535263","-0.07594324741983241","0.06076103857708322","1"
"-0.007044499958909562","-0.001406755918109295","-0.5664442712178079","0.07923537254965633","0"
"0.023709885351063973","0.04757197871535263","-0.07594324741983241","0.06076103857708322","1"
"-0.006608234766290519","0.003276300299942866","-0.583230658706982","0.06902827733204724","0"
"0.023709885351063973","0.04757197871535263","-0.07594324741983241","0.06076103857708322","1"
"-0.00657219223579483","0.0028355098630701283","-0.5826757933212929","0.06893914050053665","0"
"0.023709885351063973","0.04757197871535263","-0.07594324741983241","0.06076103857708322","1"
"-0.006198383742332729","0.001726121779506961","-0.5771438762735598","0.06563074878607231","0"
"0.026467815883472877","0.03804352581298132","-0.08780368344973674","0.06421741049982724","1"
"-0.005696064977665878","0.00941973755230876","-0.5793036107343095","0.04898393975231869","0"
"0.026314334626484092","0.022343326475202423","-0.013409829956607576","0.08657484961105448","1"
"-0.005660790015182092","0.009681941618488241","-0.5797898327182827","0.04869858047450143","0"
"0.026306146505810184","0.02224584635540825","-0.013758766427726239","0.0859664868126469","1"
"-0.005660790015182092","0.009681941618488241","-0.5797898327182827","0.04869858047450143","0"
"0.02624358610207824","0.019833232878500636","-0.014092816693401565","0.0843140159273489","1"
"-0.005023421538888884","0.007123811200478546","-0.5653065054301138","0.0557803958995322","0"
"0.026158933681974778","0.020128244250040027","-0.014228081738559712","0.08198500312754238","1"
"-0.004913008667145198","0.009036422049481982","-0.5643351056982362","0.05177298737642864","0"
"0.024767974351347363","0.018732690177879624","-0.014578885977823555","0.07838823133508713","1"
"-0.00491938641199967","0.008627981963448614","-0.5640708014211208","0.051737037161294706","0"
"0.024767974351347363","0.018732690177879624","-0.014578885977823555","0.07838823133508713","1"
"-0.004929865258208772","0.00807974354439622","-0.5604411520829007","0.049391058488490916","0"
"0.024767974351347363","0.018732690177879624","-0.014578885977823555","0.07838823133508713","1"
"-0.005682912022096576","0.009040090929807147","-0.5586733490715282","0.04346662690178231","0"
"0.024283350270237203","0.01653108282622719","-0.015244571842261802","0.07644880763249688","1"
"-0.005649521880059626","0.006393737017073686","-0.5544214242117805","0.045596731864083036","0"
"0.023992804529961574","0.021311608023857804","-0.03544907312044936","0.07577052407720115","1"
"-0.005524271044989511","0.0060102665652423705","-0.5533528653430089","0.046205072900080225","0"
"0.027365840356866372","0.007260526095761334","-0.030092779945477075","0.09146557344661994","1"
"-0.0028835629551390205","0.010951731555628305","-0.563187291263733","0.040723798284115924","0"
"0.027365840356866372","0.007260526095761334","-0.030092779945477075","0.09146557344661994","1"
"-0.0027079188962494728","0.01105431122097769","-0.561150549077058","0.03818527430246375","0"
"0.027365840356866372","0.007260526095761334","-0.030092779945477075","0.09146557344661994","1"
"-0.0029630807509037267","0.012655813477923477","-0.5578078617368739","0.0349307237009369","0"
"0.02275079983113006","0.00419419737938508","-0.030315382430559694","0.09091124162273458","1"
"-0.002933835019051394","0.012654638155238663","-0.5573746022651006","0.0357974825062342","0"
"0.02275079983113006","0.00419419737938508","-0.030315382430559694","0.09091124162273458","1"
"-0.0027687558229022606","0.012377881448877375","-0.5568174513920926","0.035778040288375404","0"
"0.02315993207711746","0.002724969411915609","-0.02996666588052346","0.09040085767804644","1"
"-0.00038204785831813705","0.006804422498415302","-0.5662891923968353","0.03982904233346438","0"
"0.02315993207711746","0.002724969411915609","-0.02996666588052346","0.09040085767804644","1"
"-0.0003654987789033384","0.006857668527403399","-0.5661168849379817","0.039830531024515295","0"
"0.02341894833197505","0.0045967416116663145","-0.029844308738629515","0.09008004011944955","1"
"-0.00023544090355193906","0.006932864919068068","-0.5657856500568059","0.03996950194274202","0"
"0.022877683583312863","0.004814132184996964","-0.03298441285906175","0.09142904789370797","1"
"-0.0003095714458008368","0.005764620583827851","-0.5639896249865346","0.04151900369969919","0"
"0.01959311670064926","0.00404548779129982","-0.04160579800605774","0.09564052775502205","1"
"-0.00027105936968539236","0.005845911907326565","-0.5636582420888425","0.04149929904161143","0"
"0.01959311670064926","0.00404548779129982","-0.04160579800605774","0.09564052775502205","1"
"-0.0001627225594264349","0.008232385370916076","-0.5657851563842113","0.036862452181041235","0"
"0.01959311670064926","0.00404548779129982","-0.04160579800605774","0.09564052775502205","1"
"-0.0011733959256988637","0.008017532335876975","-0.5503417693446823","0.036954211696960455","0"
"0.020406196827958956","0.0068656433979278715","-0.03142931517121827","0.08933286854786239","1"
"-0.0002110108983778861","0.00704626912904125","-0.5499920495371717","0.03545010517824822","0"
"0.020406196827958956","0.0068656433979278715","-0.03142931517121827","0.08933286854786239","1"
"-0.00028713066097217177","0.007015414691794074","-0.5501381375530934","0.035261361557525815","0"
"0.019118406801688963","0.007060089692836854","-0.033079355838822155","0.08955257910053904","1"
"-0.00023568201641240006","0.006960764868276389","-0.5501176799484774","0.036667116432654155","0"
"0.019248675859391922","0.007100537361337981","-0.03367202984103897","0.08966777151892621","1"
"-0.0002403662860016344","0.007113012767294768","-0.5495795077195591","0.03595576927827855","0"
"0.019248675859391922","0.007100537361337981","-0.03367202984103897","0.08966777151892621","1"
"0.00002636066161785982","0.007046045151367272","-0.5492406082816528","0.03593189236099321","0"
"0.019248675859391922","0.007100537361337981","-0.03367202984103897","0.08966777151892621","1"
"0.000025465650367003536","0.007153888608797245","-0.5490868093543764","0.035929521980676726","0"
"0.019248675859391922","0.007100537361337981","-0.03367202984103897","0.08966777151892621","1"
"-0.00029983959123526467","0.011043175573950745","-0.5505439273055702","0.028560694978347366","0"
"0.018889641897244888","0.012215397066690704","-0.04088547947167447","0.08669968098966462","1"
"-0.00042088903552767274","0.010077010431389283","-0.5480660495426288","0.02875726659578418","0"
"0.018889641897244888","0.012215397066690704","-0.04088547947167447","0.08669968098966462","1"
"-0.0012529873093369349","0.013288068055982236","-0.5505070898133001","0.023559161084974765","0"
"0.01812526902383085","0.010349654430072706","-0.0424420528575135","0.08998381135387672","1"
"-0.0012581073824449922","0.01377205196853916","-0.5501607233547547","0.02350421687074739","0"
"0.01812526902383085","0.010349654430072706","-0.0424420528575135","0.08998381135387672","1"
"-0.002235426162803341","0.016166762145862518","-0.5613345084691278","0.013482009837307834","0"
"0.01812526902383085","0.010349654430072706","-0.0424420528575135","0.08998381135387672","1"
"-0.0022521858889778218","0.016138299219766266","-0.5612523616066668","0.013469329363446988","0"
"0.017361577211031272","0.00926860416335846","-0.04239152663790468","0.0890990083675776","1"
"-0.0022396672264756497","0.016130841326625654","-0.5605714093590856","0.014110413572521272","0"
"0.017361577211031272","0.00926860416335846","-0.04239152663790468","0.0890990083675776","1"
"-0.0022395714200228664","0.016126114183688842","-0.560551034754629","0.014109042164961633","0"
"0.018507025379672287","0.0042958564795197605","-0.043678021805363454","0.08654035846916827","1"
"-0.0022454566719257397","0.016116152915644447","-0.5605046007202783","0.014106283088679344","0"
"0.01825107784297226","0.003984337931432906","-0.04349322824127343","0.08629517396615918","1"
"-0.0026030134435670827","0.01609829411274386","-0.5569372906084991","0.013260801656186693","0"
"0.01640333778340256","0.006214751214912592","-0.040101763135226884","0.08416168327498479","1"
"-0.0025833147171833116","0.015404385941329833","-0.5562389361794079","0.013216486169120013","0"
"0.01640333778340256","0.006214751214912592","-0.040101763135226884","0.08416168327498479","1"
"-0.0020683255863492033","0.015795938901998503","-0.5561500268024191","0.015443798357924695","0"
"0.01640333778340256","0.006214751214912592","-0.040101763135226884","0.08416168327498479","1"
"-0.00304494233308576","0.013090405945042455","-0.5547832682374345","0.01777040870349223","0"
"0.017396186100872787","0.00012083568081662461","-0.023813661565450398","0.08104545980490543","1"
"-0.0030535587416997173","0.0131238942553677","-0.5547982397485436","0.017942576752879046","0"
"0.01718987310027756","0.00037545703611001715","-0.027273121797583257","0.08021601250428789","1"
"-0.0028112564496499777","0.013622416161740874","-0.5539757239365868","0.017778079746142643","0"
"0.017346398853396332","0.000707684048862889","-0.027234475200953647","0.07999733480104157","1"
"-0.003948462770469622","0.0006177190365901383","-0.5651785069397492","0.04319719815880712","0"
"0.0167633531332016","-0.0009959494829177857","-0.06815404224395752","0.0924345771074295","1"
"-0.0035948278095762607","0.0011483258978795196","-0.564637510073387","0.04249286546949613","0"
"0.018334447041289427","0.0017567069552170047","-0.06797835071740202","0.09193191449601644","1"
"-0.002293250772572014","0.002730191065424291","-0.5651098055286498","0.040966719843130696","0"
"0.018334447041289427","0.0017567069552170047","-0.06797835071740202","0.09193191449601644","1"
"-0.0031946801962699227","0.0016791333385662275","-0.5686846430785535","0.04501288422333975","0"
"0.018334447041289427","0.0017567069552170047","-0.06797835071740202","0.09193191449601644","1"
"-0.003407749705985615","0.003745115808684311","-0.566854078354753","0.042788733328951715","0"
"0.018334447041289427","0.0017567069552170047","-0.06797835071740202","0.09193191449601644","1"
"-0.003319049708183083","0.003954354310887787","-0.5657996775159485","0.04382503478873144","0"
"0.018334447041289427","0.0017567069552170047","-0.06797835071740202","0.09193191449601644","1"
"-0.003707566177193923","0.004853189565115384","-0.562233769562294","0.04213424872980006","0"
"0.028669695134517784","0.0037899508672612635","-0.07726919036295264","0.08956891940051671","1"
"-0.0038670088464101814","0.005315462575296678","-0.5615589170264077","0.042006570675268244","0"
"0.02858892741695968","0.004450468186339642","-0.07703280109535694","0.0892631952084747","1"
"-0.003909128318974434","0.005241009586045885","-0.5610595590728886","0.041653899574347876","0"
"0.028760509592945245","0.009242511912081445","-0.0676765749368344","0.08083119131295027","1"
"-0.0038422723424141932","0.006055887664755552","-0.5599928484557266","0.04098904166397025","0"
"0.029205828436206994","0.009185144698885915","-0.06707240084436321","0.08021424377614485","1"
"-0.003947706326110789","0.0059058541875756185","-0.5598314810964239","0.04197087398097263","0"
"0.029205828436206994","0.009185144698885915","-0.06707240084436321","0.08021424377614485","1"
"-0.003944174842745272","0.005891107047994067","-0.5596985795962736","0.041922353031442657","0"
"0.029205828436206994","0.009185144698885915","-0.06707240084436321","0.08021424377614485","1"
"-0.0038614143044341147","0.004851725558600536","-0.5589793218386809","0.0418418407252019","0"
"0.029205828436206994","0.009185144698885915","-0.06707240084436321","0.08021424377614485","1"
"-0.003837190113268491","0.004877797415366223","-0.5588289048279285","0.04181611752733509","0"
"0.029205828436206994","0.009185144698885915","-0.06707240084436321","0.08021424377614485","1"
"-0.0038735278234845434","0.0050675666798234405","-0.5575174823474975","0.03797538422575672","0"
"0.02890051422394005","0.010953478963650825","-0.06682245170752614","0.0801636806503346","1"
"-0.003876611259819283","0.005120096182236438","-0.5564075120714006","0.037961520479825026","0"
"0.0282044096826601","0.010951908373375367","-0.06986796810624395","0.07685313229538417","1"
"-0.0038844763517714405","0.005216841935670328","-0.5562238352033607","0.03783917797833236","0"
"0.028177980338957825","0.010953869665238343","-0.06995886087676378","0.07679237461987176","1"
"-0.003860551980446597","0.005422804547517921","-0.5560238614819512","0.0378183661254869","0"
"0.028177980338957825","0.010953869665238343","-0.06995886087676378","0.07679237461987176","1"
"-0.0038006577477183185","0.005286106077291455","-0.5553745835961625","0.038579026268981916","0"
"0.028177980338957825","0.010953869665238343","-0.06995886087676378","0.07679237461987176","1"
"-0.004782127293578531","0.004759147084830788","-0.5519478722606396","0.040727387484365274","0"
"0.026293506366865976","0.01020924563918795","-0.06719120598265103","0.07934003629854747","1"
"-0.004906015339050288","0.004017455512414521","-0.5488033631883295","0.04228110990729043","0"
"0.025537275717482898","0.009160861664089385","-0.06699570823943848","0.07894250914639732","1"
"-0.004906015339050288","0.004017455512414521","-0.5488033631883295","0.04228110990729043","0"
"0.025615955023417975","0.008712524314847975","-0.0665900579430242","0.07851491384445482","1"
"-0.004136008968160466","0.007217719362467308","-0.5497015122243799","0.03908669555081599","0"
"0.025815942474275017","0.008223881075165947","-0.06650639531303537","0.07867075018440083","1"
"-0.004056848798426305","0.0068261150229041445","-0.5483960922297684","0.04017352412483185","0"
"0.026371812572941234","0.006087822443886199","-0.04771869927129119","0.08586952805931593","1"
"-0.003933967660603551","0.007043881906811559","-0.5479217015821318","0.04016549528999341","0"
"0.026512781168380496","0.006702273096168897","-0.04758584954215018","0.08571513190618536","1"
"-0.0045427031841216966","0.007749721886203731","-0.5505639913801007","0.037868636226662866","0"
"0.026512781168380496","0.006702273096168897","-0.04758584954215018","0.08571513190618536","1"
"-0.005094141849154439","0.007858979590492745","-0.5499149844362634","0.03787984673908896","0"
"0.02504931403599244","0.006615819677044846","-0.0474055855749399","0.08553172587529081","1"
"-0.004634928442536648","0.010764498822214866","-0.5475203709415851","0.04067247828501243","0"
"0.02504931403599244","0.006615819677044846","-0.0474055855749399","0.08553172587529081","1"
"-0.004533826557633584","0.01050521641549038","-0.5448191542024043","0.039196916224652927","0"
"0.02504931403599244","0.006615819677044846","-0.0474055855749399","0.08553172587529081","1"
"-0.003814561582409102","0.011016480603495245","-0.5450916326695646","0.03757676668408806","0"
"0.026977146444050408","0.00826744576375655","-0.05195878096196333","0.08135986931410878","1"
"-0.0035389262592973522","0.012385162476618108","-0.5457199735975059","0.03614503041602928","0"
"0.026977146444050408","0.00826744576375655","-0.05195878096196333","0.08135986931410878","1"
"-0.004914026170756955","0.010000133643375037","-0.5503738433571078","0.03254438762026268","0"
"0.026959814374513474","0.008466405444817686","-0.05096820882577681","0.0809912263885647","1"
"-0.005540244982487628","0.011370078542767092","-0.5479386094328064","0.031037334344768464","0"
"0.026214166872878412","0.008775723713849628","-0.052674484886640054","0.08017839537699938","1"
"-0.005589337071417358","0.010960281404571613","-0.5476319033329583","0.031002005135174343","0"
"0.026214166872878412","0.008775723713849628","-0.052674484886640054","0.08017839537699938","1"
"-0.005611358306949842","0.011806033389868263","-0.548048629092627","0.028673454313653236","0"
"0.026214166872878412","0.008775723713849628","-0.052674484886640054","0.08017839537699938","1"
"-0.005537114722332313","0.011971532352522967","-0.5477148831937734","0.028683904423358192","0"
"0.02643181896209717","0.00941560039917628","-0.05243168737490972","0.08007044595479965","1"
"-0.0055576548862644876","0.013976343450821679","-0.5479122153994301","0.02903521701731343","0"
"0.02643181896209717","0.00941560039917628","-0.05243168737490972","0.08007044595479965","1"
"-0.0056934906663458065","0.014351748415897862","-0.5406376382979311","0.02755511590622378","0"
"0.024838143557750533","0.01037802459375416","-0.04655638782457373","0.07597879928908324","1"
"-0.005721209651334726","0.014728393769208458","-0.5380189569017861","0.026954652387204247","0"
"0.024838143557750533","0.01037802459375416","-0.04655638782457373","0.07597879928908324","1"
"-0.004915013854631274","0.01592457948354729","-0.5460228923265428","0.025794246197204093","0"
"0.024838143557750533","0.01037802459375416","-0.04655638782457373","0.07597879928908324","1"
"-0.005262235829135722","0.01480675367862177","-0.5463605423099352","0.024474393763374333","0"
"0.024838143557750533","0.01037802459375416","-0.04655638782457373","0.07597879928908324","1"
"-0.005294285920340236","0.01495263443713443","-0.5461960436505735","0.02447244436984109","0"
"0.024838143557750533","0.01037802459375416","-0.04655638782457373","0.07597879928908324","1"
"-0.00519903376027697","0.015180001299508281","-0.5508861382966476","0.016354168134401846","0"
"0.025590037845942482","0.017740259494215625","-0.048397724569247486","0.0716778062036521","1"
"-0.0053118905921027675","0.015017039954951045","-0.5505600680952533","0.01633591112683716","0"
"0.02453359691273971","0.01650133947652336","-0.0466301182033694","0.07099625891273276","1"
"-0.005596147408413434","0.014647820269613674","-0.5498260675649083","0.016284918018981638","0"
"0.02453359691273971","0.01650133947652336","-0.0466301182033694","0.07099625891273276","1"
"-0.005211463392042605","0.013969934038702588","-0.5453510561335516","0.01925554054675118","0"
"0.028756589046155516","0.008582277677812413","-0.0166745120936101","0.07221324968509692","1"
"-0.005199219235010157","0.013968258425704337","-0.5451150642188128","0.01966476384520646","0"
"0.028756589046155516","0.008582277677812413","-0.0166745120936101","0.07221324968509692","1"
"-0.005075500984248188","0.01397619274026419","-0.5449307190187826","0.019647736395504767","0"
"0.028961137571043422","0.008628789806451678","-0.01671090504236033","0.07206478516736953","1"
"-0.005237199111052979","0.0137971937920773","-0.5451911700680694","0.02004884019652679","0"
"0.028130041869310497","0.009539140470708713","-0.01754275190431442","0.07251613107348572","1"
"-0.0054058430666941186","0.013639143088024228","-0.5449792480958123","0.020037547110653118","0"
"0.028130041869310497","0.009539140470708713","-0.01754275190431442","0.07251613107348572","1"
"-0.005292973093253412","0.013409018741446156","-0.543328347064782","0.02020887723106294","0"
"0.028811585258793185","0.006435174617087313","-0.0010935334963247377","0.0732285285592422","1"
"-0.005589023821528335","0.01426796887140356","-0.5427386638686534","0.018384897242249273","0"
"0.02718451815328396","0.005975833246894885","-0.0009310530913374256","0.07295880772484734","1"
"-0.00561457668551212","0.014073311536583234","-0.5420612119319363","0.018119850225491833","0"
"0.027649753061939356","0.003579309750063069","-0.0009725695635470489","0.0716610838084889","1"
"-0.005514953750916239","0.014263298409445796","-0.5454047653890505","0.01693441576977413","0"
"0.027649753061939356","0.003579309750063069","-0.0009725695635470489","0.0716610838084889","1"
"-0.00562588722645501","0.013765631429282358","-0.54508468131294","0.01875097986209859","0"
"0.027649753061939356","0.003579309750063069","-0.0009725695635470489","0.0716610838084889","1"
"-0.005100837793787839","0.013186241024236383","-0.5427872006937398","0.019074085619349177","0"
"0.028970345447532835","-0.0001208549162826921","-0.0009386975939421434","0.0709600010466057","1"
"-0.005512608477078981","0.012016458398055192","-0.5431462206254918","0.02042200471509118","0"
"0.028837460103571282","-0.0006532914820386466","-0.0009269937375075036","0.07078006108579762","1"
"-0.005366506899830612","0.012337818693132148","-0.5431341081653357","0.01984733858317986","0"
"0.030320012520031376","-0.0009160721828924358","-0.0012367220873332155","0.0700245118437551","1"
"-0.005552584889874698","0.010880133461719366","-0.5433204008059379","0.022171984280895538","0"
"0.030111366751965064","-0.0014075277789683588","-0.0013626296887688312","0.07013161357585675","1"
"-0.005539734544358194","0.010707891540522133","-0.5430715781879181","0.02217955684818209","0"
"0.030111366751965064","-0.0014075277789683588","-0.0013626296887688312","0.07013161357585675","1"
"-0.005517601111833845","0.009975245195498663","-0.5426268603729361","0.022156141627539896","0"
"0.030111366751965064","-0.0014075277789683588","-0.0013626296887688312","0.07013161357585675","1"
"-0.005524716866579966","0.009972801383338357","-0.5425982182841544","0.02215575309793179","0"
"0.028008887168477502","-0.0015495852485560534","-0.0011565311926237324","0.06981037705809924","1"
"-0.005691807046103069","0.010593160919424208","-0.5410580547963921","0.022347621412663995","0"
"0.028008887168477502","-0.0015495852485560534","-0.0011565311926237324","0.06981037705809924","1"
"-0.005949847289868226","0.01276230415064172","-0.5458783886718874","0.01720296542128577","0"
"0.02786761437585752","-0.0012368980604757147","-0.0016332235157766703","0.06911271468444287","1"
"-0.0058801568731198135","0.012841965982184638","-0.5457257310817576","0.017192042631118336","0"
"0.02786761437585752","-0.0012368980604757147","-0.0016332235157766703","0.06911271468444287","1"
"-0.006218463633574522","0.013438726439365153","-0.5435187924501388","0.016368395436757235","0"
"0.02786761437585752","-0.0012368980604757147","-0.0016332235157766703","0.06911271468444287","1"
"-0.00630703624473113","0.015473615337849604","-0.5437754571798851","0.014159281453060335","0"
"0.02786761437585752","-0.0012368980604757147","-0.0016332235157766703","0.06911271468444287","1"
"-0.006317847401869683","0.015325015986523851","-0.5431838407994461","0.015009839169833126","0"
"0.027696131732403304","-0.0012606416378651295","-0.0016674568280150518","0.06908715713424432","1"
"-0.00630923759691199","0.015320546240458624","-0.5429653842275782","0.015214938335961239","0"
"0.027696131732403304","-0.0012606416378651295","-0.0016674568280150518","0.06908715713424432","1"
"-0.00630923759691199","0.015320546240458624","-0.5429653842275782","0.015214938335961239","0"
"0.029909041351456982","0.0013657585287800067","-0.0013444572406373467","0.06880295448316058","1"
"-0.006623694992067702","0.01601857504025815","-0.5426298136248074","0.013273779178759708","0"
"0.029909041351456982","0.0013657585287800067","-0.0013444572406373467","0.06880295448316058","1"
"-0.006690759281307118","0.015222352029439857","-0.5478618363627179","0.011445416937503866","0"
"0.029909041351456982","0.0013657585287800067","-0.0013444572406373467","0.06880295448316058","1"
"-0.006732563200626126","0.01522720765206784","-0.5477986421140041","0.011449664882294822","0"
"0.028652809276657514","0.0015187922815215493","-0.00137973434164441","0.06871765927079536","1"
"-0.00668159529988122","0.014956274931616751","-0.5527379157634082","0.012717440082518032","0"
"0.028652809276657514","0.0015187922815215493","-0.00137973434164441","0.06871765927079536","1"
"-0.006602433830713619","0.015463343359749962","-0.5518757365242355","0.011606930170037848","0"
"0.028311776589315066","0.00664525578996322","-0.0036608517453184603","0.06165473869634908","1"
"-0.006565861474507579","0.015197265476438222","-0.5523984879444156","0.011595876482805221","0"
"0.028311776589315066","0.00664525578996322","-0.0036608517453184603","0.06165473869634908","1"
"-0.0065504449828916855","0.015234669202441478","-0.5520667271052023","0.011564027716089128","0"
"0.0274328509403782","0.004039775096554159","-0.0010803168507157552","0.06080127159441796","1"
"-0.006758434557179643","0.015120910849939377","-0.5518368443556907","0.011555242266430213","0"
"0.0274328509403782","0.004039775096554159","-0.0010803168507157552","0.06080127159441796","1"
"-0.006480111949369547","0.013360211370698928","-0.5624824910965531","0.017697083195323756","0"
"0.0274328509403782","0.004039775096554159","-0.0010803168507157552","0.06080127159441796","1"
"-0.006498932838439941","0.013998420899043662","-0.5620201158491015","0.017664543308005553","0"
"0.0274328509403782","0.004039775096554159","-0.0010803168507157552","0.06080127159441796","1"
"-0.006498932838439941","0.013998420899043662","-0.5620201158491015","0.017664543308005553","0"
"0.028976833702098356","0.004860578053802275","-0.0015224644360483798","0.060595392185102646","1"
"-0.006489454740618432","0.01397539505359313","-0.5615329802294764","0.01764651700102848","0"
"0.028976833702098356","0.004860578053802275","-0.0015224644360483798","0.060595392185102646","1"
"-0.006484461371459109","0.013867961209579553","-0.5613506075137155","0.017656258043630163","0"
"0.029067597939892793","0.0018250533856609707","-0.0013384001820523279","0.060500575463923685","1"
"-0.006519152775615666","0.014292643521634864","-0.5612445746349295","0.01699453342503528","0"
"0.029067597939892793","0.0018250533856609707","-0.0013384001820523279","0.060500575463923685","1"
"-0.006502761658430551","0.014259837081325107","-0.5611664670364943","0.0169980195900228","0"
"0.029434951281768987","0.0008994714271419434","-0.001250066455180677","0.06043763940056288","1"
"-0.006429533841338177","0.013361243430432216","-0.5609045277484265","0.018640764236375982","0"
"0.029434951281768987","0.0008994714271419434","-0.001250066455180677","0.06043763940056288","1"
"-0.006429533841338177","0.013361243430432216","-0.5609045277484265","0.018640764236375982","0"
"0.029495971107065387","0.0011295016942305446","-0.001209714533648416","0.060356827240275135","1"
"-0.006409783371556306","0.013264519688976581","-0.5607382575149773","0.01863797084176029","0"
"0.029495971107065387","0.0011295016942305446","-0.001209714533648416","0.060356827240275135","1"
"-0.006397179708190406","0.013178344741549657","-0.5608041434778918","0.018486354299287203","0"
"0.029495971107065387","0.0011295016942305446","-0.001209714533648416","0.060356827240275135","1"
"-0.006334426580754846","0.013128819807012023","-0.5605063767805796","0.01926735177163958","0"
"0.025987187774688163","0.002414006612437992","0.002477091748653438","0.05666371464940727","1"
"-0.0063549447870245015","0.013399527974661428","-0.5602719450381145","0.01925017246489775","0"
"0.025987187774688163","0.002414006612437992","0.002477091748653438","0.05666371464940727","1"
"-0.006351494579928893","0.013267287958398771","-0.5601228763747509","0.019253881868910586","0"
"0.025987187774688163","0.002414006612437992","0.002477091748653438","0.05666371464940727","1"
"-0.006264318547079483","0.013273843458928508","-0.5597825369006462","0.01899458132422246","0"
"0.025987187774688163","0.002414006612437992","0.002477091748653438","0.05666371464940727","1"
"-0.0062011870072287","0.013506700226527795","-0.5598177710126778","0.01765715655010185","0"
"0.025987187774688163","0.002414006612437992","0.002477091748653438","0.05666371464940727","1"
"-0.006180869144665058","0.013206241585985405","-0.5601562031722909","0.018490915298933687","0"
"0.025987187774688163","0.002414006612437992","0.002477091748653438","0.05666371464940727","1"
"-0.006206774526893748","0.013088326980260615","-0.5590455277057197","0.019173739643926626","0"
"0.025945517592705213","0.0024113424182662115","0.0018401948305276723","0.056381074131017755","1"
"-0.005662533795568598","0.011145360382368786","-0.5590454248270667","0.019742958352084016","0"
"0.02855030741226752","-0.00014949973509709527","0.0014365508682769171","0.05205140904869976","1"
"-0.005661969412912727","0.01114614474038839","-0.5590148265066405","0.01969565731658949","0"
"0.028439585744899555","-0.000006504665035981041","0.0011787533470023867","0.05013646041099753","1"
"-0.005701622683162453","0.012708927744248208","-0.5576791538212091","0.015171091957325434","0"
"0.028065075874328615","0.0022088886025440264","0.004098970013928701","0.04974678645651025","1"
"-0.0057069424701578515","0.012846524823676788","-0.5575424107302618","0.014837044923731602","0"
"0.028065075874328615","0.0022088886025440264","0.004098970013928701","0.04974678645651025","1"
"-0.006067435045945456","0.012802342420028858","-0.5554457854169583","0.015032463059878137","0"
"0.02651860464292394","0.0019011460289036003","-0.0026409236737765496","0.047799891237704735","1"
"-0.006328971678948085","0.01215708246597485","-0.5563738000059725","0.014592079415709154","0"
"0.02543785308620128","0.002232326313573845","-0.0034465219355976386","0.04827224706035879","1"
"-0.006281234672938723","0.012532035083255913","-0.556577315222908","0.014214632276612158","0"
"0.02543785308620128","0.002232326313573845","-0.0034465219355976386","0.04827224706035879","1"
"-0.0062620368664057825","0.012482467525626926","-0.5560208266463978","0.015100052060157956","0"
"0.025435225090653744","0.0021930835188806183","-0.003442138270911148","0.048925631060994915","1"
"-0.0062173910038254366","0.012546993327785073","-0.5558368613432663","0.01521954741530605","0"
"0.025453465379997132","0.002198890748889936","-0.003428910243788168","0.04889360324586947","1"
"-0.0062178430571778786","0.012704007798694399","-0.5556876244880952","0.015209558649578797","0"
"0.025453465379997132","0.002198890748889936","-0.003428910243788168","0.04889360324586947","1"
"-0.006221797937883638","0.01277594747927324","-0.5556416354879806","0.015206495458184784","0"
"0.02518731951713562","0.004132070862655098","-0.0034645919399622204","0.04869606964131619","1"
"-0.0062239370148838655","0.012817243466283112","-0.555505239075638","0.015203952947995073","0"
"0.024701942906395453","0.004640816376421912","-0.0034079613720487457","0.04861621590310979","1"
"-0.005970075852194821","0.013758671984285976","-0.5556542608314835","0.015527871146210655","0"
"0.024701942906395453","0.004640816376421912","-0.0034079613720487457","0.04861621590310979","1"
"-0.006129706503934043","0.012494621606055405","-0.5561048624094381","0.016505104617452318","0"
"0.024701942906395453","0.004640816376421912","-0.0034079613720487457","0.04861621590310979","1"
"-0.00617047922984726","0.011818293588269682","-0.5562948851697606","0.01623252197357441","0"
"0.024701942906395453","0.004640816376421912","-0.0034079613720487457","0.04861621590310979","1"
"-0.006142366336059218","0.011769300094592722","-0.5561858060300254","0.01623223718947208","0"
"0.024701942906395453","0.004640816376421912","-0.0034079613720487457","0.04861621590310979","1"
"-0.00611467161124463","0.011699690663049841","-0.5565543204228285","0.017143660989610877","0"
"0.024701942906395453","0.004640816376421912","-0.0034079613720487457","0.04861621590310979","1"
"-0.00605737277718086","0.01356289997594762","-0.5653262649000468","0.01778168710596761","0"
"0.0240678083602466","0.004881283833473466","-0.003044729227184829","0.048352153853159816","1"
"-0.006057081428396638","0.013420292809366323","-0.5650234779980499","0.017808272755578784","0"
"0.023727891379270893","0.002165696563357483","-0.00024135941635216882","0.05032530307935882","1"
"-0.006020759562016123","0.013445434952250103","-0.5645127148315222","0.017783520148097073","0"
"0.023727891379270893","0.002165696563357483","-0.00024135941635216882","0.05032530307935882","1"